Country Name,Country Code,2012,2013,2014,2015,2016,2017,2018,2019,2020,2021
Afghanistan,AFG,18171512502,19189252517,19712072023,19998156214,20450177379,20991494229,21241130983,22071999789,21553064853,17083574409
Albania,ALB,10836881664,10945469119,11139690870,11386850130,11764322012,12211628287,12702457551,12967692915,12516205780,13582023424
Algeria,DZA,1.50E+11,1.54E+11,1.60E+11,1.66E+11,1.71E+11,1.74E+11,1.76E+11,1.77E+11,1.68E+11,1.74E+11
American Samoa,ASM,657587786.3,641148091.6,652450381.7,673000000,661697709.9,615461068.7,631900763.4,628818320.6,660670229,648340458
Andorra,AND,2781915942,2683224789,2750425228,2789870188,2893365390,2903378514,2949506390,3008955097,2672435366,2911602777
Angola,AGO,78545751649,82433766353,86407073890,87219300385,84969042438,84841588874,83724808772,83138735113,78482965946,79346278572
Antigua and Barbuda,ATG,1247861376,1240363272,1287444083,1336692593,1410163356,1454503450,1554626243,1630215842,1301036618,1369612292
Argentina,ARG,5.80E+11,5.94E+11,5.79E+11,5.95E+11,5.82E+11,5.99E+11,5.83E+11,5.71E+11,5.15E+11,5.68E+11
Armenia,ARM,9555426146,9870755209,10226102396,10553337673,10574444348,11367527675,11958639114,12867495686,11941035997,12621675049
Aruba,ABW,2689383486,2862305920,2861719742,2963128492,3025849510,3191737811,3359554779,3380888935,2752412118,3225070323
Australia,AUS,1.26E+12,1.29E+12,1.32E+12,1.35E+12,1.39E+12,1.42E+12,1.46E+12,1.49E+12,1.49E+12,1.52E+12
Austria,AUT,3.76E+11,3.76E+11,3.78E+11,3.82E+11,3.90E+11,3.98E+11,4.08E+11,4.14E+11,3.87E+11,4.05E+11
Azerbaijan,AZE,48289166007,51094670380,52500032771,53074370486,51429065064,51531923163,52304902011,53612524596,51307185984,54180407522
"Bahamas, The",BHS,11871722488,11531800177,11744827460,11861900000,11760164716,12118868244,12340765667,12574766786,9579129439,10893360608
Bahrain,BHR,27542575573,29034512771,30297627559,31050638298,32155459790,33535234421,34243206974,34985245170,33258424204,33998540961
Bangladesh,BGD,1.63E+11,1.73E+11,1.83E+11,1.95E+11,2.09E+11,2.23E+11,2.39E+11,2.58E+11,2.67E+11,2.85E+11
Barbados,BRB,4682488037,4614713386,4610686451,4724691200,4844368804,4866473199,4816487750,4810171059,4169888154,4161995687
Belarus,BLR,57133246704,57706562175,58702799524,56454734397,55028435772,56421856743,58198692498,59013474193,58600611434,59948354832
Belgium,BEL,4.44E+11,4.46E+11,4.53E+11,4.62E+11,4.68E+11,4.76E+11,4.84E+11,4.95E+11,4.69E+11,4.97E+11
Belize,BLZ,1965444570,2054464706,2138483710,2210500000,2213000566,2175492081,2199497511,2298519910,1990450226,2293518778
Benin,BEN,9814543623,10520350022,11189200117,11388160997,11768488384,12435944730,13268812215,14179807375,14725520536,15779238958
Bermuda,BMU,6876350478,6857116739,6603330213,6654541000,6610806937,6849550930,6819905985,6840793088,6373022722,6718028462
Bhutan,BTN,1739328224,1776201506,1878803710,2003598213,2166431312,2267210115,2336476327,2470944512,2223610397,2314503114
Bolivia,BOL,27943010858,29842021069,31471565372,33000198248,34407300578,35850757820,37364958856,38193230058,34855949754,36984185806
Bosnia and Herzegovina,BIH,15189435781,15546365750,15725747661,16211541593,16722173916,17252506776,17897763141,18404449050,17830360817,19175766941
Botswana,BWA,12109594813,13454101786,14220577194,13530738158,14505197433,15101804347,15734544892,16211710502,14797010398,16479433716
Brazil,BRA,1.80E+12,1.86E+12,1.87E+12,1.80E+12,1.74E+12,1.77E+12,1.80E+12,1.82E+12,1.75E+12,1.83E+12
British Virgin Islands,VGB,..,..,..,..,..,..,..,..,..,..
Brunei Darussalam,BRN,13604563824,13315326918,12981331573,12930394938,12609990391,12777527045,12784201743,13278836553,13429361906,13215732655
Bulgaria,BGR,48902782249,48628685105,49098860803,50781996713,52325680685,53771005441,55214628202,57444273407,55170276015,59382311267
Burkina Faso,BFA,10315931009,10913490065,11385699932,11832159276,12537116569,13314855268,14194244081,15001629028,15291209207,16347272361
Burundi,BDI,2953153994,3098572905,3229972543,3104003611,3085379562,3100806498,3150727480,3207836474,3218331132,3276109831
Cabo Verde,CPV,1558765363,1571279094,1580882950,1596800287,1671942379,1733838342,1812401360,1915123783,1632003278,1745467468
Cambodia,KHM,14670337168,15749584749,16874510038,18049954289,19301414292,20651915663,22194442188,23760061873,23024448759,23721258227
Cameroon,CMR,27461703059,28833560443,30482787664,32210232912,33671222799,34863580245,36242614126,37502066705,37599546921,38971899133
Canada,CAN,1.47E+12,1.50E+12,1.55E+12,1.56E+12,1.57E+12,1.62E+12,1.66E+12,1.70E+12,1.61E+12,1.68E+12
Cayman Islands,CYM,4403880835,4460221049,4578618865,4708336733,4860885635,5015658466,5229690028,5432239890,5123472699,5217706496
Central African Republic,CAF,2553162910,1624016449,1625333047,1695825708,1776382803,1856804594,1927167157,1986909339,2004791523,2022834647
Chad,TCD,9430191313,9967712346,10655483008,10950392220,10265387469,9958586245,10195006847,10526057266,10357639641,10233348946
Channel Islands,CHI,..,..,..,..,..,..,..,..,..,..
Chile,CHL,2.26E+11,2.33E+11,2.37E+11,2.42E+11,2.47E+11,2.50E+11,2.60E+11,2.62E+11,2.46E+11,2.75E+11
China,CHN,8.93E+12,9.62E+12,1.03E+13,1.11E+13,1.18E+13,1.26E+13,1.35E+13,1.43E+13,1.46E+13,1.58E+13
Colombia,COL,2.59E+11,2.73E+11,2.85E+11,2.93E+11,3.00E+11,3.04E+11,3.11E+11,3.21E+11,2.99E+11,3.31E+11
Comoros,COM,895376808.6,935366551.2,955071521.7,966029542,998106036.8,1036191396,1073934162,1092843782,1090706652,1113744509
"Congo, Dem. Rep.",COD,29863787754,32396821281,35464893590,37917704900,38827501900,40274582571,42619014795,44487657807,45259706748,48065878271
"Congo, Rep.",COG,11634950557,11552059160,12327973931,11890259136,10608104163,10143200715,9655784261,9647394741,9045462947,8846462526
Costa Rica,CRI,51310356968,52590430366,54453241195,56441917653,58814918321,61260265570,62862775555,64382490583,61774415011,66456647135
Cote d'Ivoire,CIV,35281210581,39077544035,42739891440,45814637971,49103766045,52717625514,56350019798,59861589343,61046143153,65342546290
Croatia,HRV,49414598779,49218013834,49006691082,50242783066,52031104329,53806649022,55313599035,57205880317,52297419558,59133845411
Cuba,CUB,80357410018,82565312275,83430247193,87133000000,87580655780,89165037486,91169895872,91019611431,81054474018,82070972393
Curacao,CUW,3095931000,3070801744,3033910307,3042737430,3016174102,2963927159,2899702371,2801930230,2285297113,2382020134
Cyprus,CYP,20981240451,19599104959,19251012721,19909190059,21217936635,22434461969,23701528569,25012087656,23918440580,25506368382
Czechia,CZE,1.75E+11,1.74E+11,1.78E+11,1.88E+11,1.93E+11,2.03E+11,2.09E+11,2.16E+11,2.04E+11,2.11E+11
Denmark,DNK,2.88E+11,2.91E+11,2.96E+11,3.03E+11,3.12E+11,3.21E+11,3.28E+11,3.33E+11,3.26E+11,3.42E+11
Djibouti,DJI,..,2105985489,2254700565,2424391785,2597091694,2738843335,2869607134,3028730597,3065136606,3212645612
Dominica,DMA,536054228.9,530694004.9,555922065.3,540737037,555681105.2,518900602.7,537309039.6,566874380.6,472745391.1,504333887
Dominican Republic,DOM,59281140849,62171218047,66554577201,71164825257,75903833487,79446041235,84993382979,89287391493,83287065055,93508045538
Ecuador,ECU,91066617872,95571238386,99192306979,99290381000,98072699669,1.00E+11,1.02E+11,1.02E+11,93781977160,97753879512
"Egypt, Arab Rep.",EGY,3.00E+11,3.07E+11,3.16E+11,3.29E+11,3.44E+11,3.58E+11,3.77E+11,3.98E+11,4.12E+11,4.26E+11
El Salvador,SLV,22012261141,22504372625,22888906250,23438240000,24033351563,24573529750,25166352422,25779775109,23671706844,26104797578
Equatorial Guinea,GNQ,15070007724,14447134391,14507099577,13185496836,12023008421,11341603396,10634279303,10051326681,9625001537,9534008417
Eritrea,ERI,..,..,..,..,..,..,..,..,..,..
Estonia,EST,21503693455,21817309478,22474308646,22890762090,23613094924,24980775932,25926098667,26895658711,26747463293,28890861347
Eswatini,SWZ,3791935013,3938349731,3974709779,4063245671,4106422134,4189641988,4288883799,4404836243,4336136541,4677967470
Ethiopia,ETH,47987461379,53065624131,58508826791,64589334979,70682358693,77442553522,82721152428,89640020508,95071785238,1.00E+11
Faroe Islands,FRO,..,..,..,2573908649,..,..,..,..,..,..
Fiji,FJI,4051295160,4243092365,4480854678,4682546881,4797065683,5053870115,5246541382,5216009324,4329275481,4107979915
Finland,FIN,2.36E+11,2.34E+11,2.33E+11,2.35E+11,2.41E+11,2.49E+11,2.52E+11,2.55E+11,2.49E+11,2.57E+11
France,FRA,2.38E+12,2.39E+12,2.41E+12,2.44E+12,2.47E+12,2.52E+12,2.57E+12,2.62E+12,2.41E+12,2.58E+12
French Polynesia,PYF,5075135716,5095080755,5148385925,5325848045,5505150250,5620617939,5779371136,5919240292,5327316263,5381881598
Gabon,GAB,12564804479,13273295984,13846033986,14383107714,14683922100,14753324487,14876945039,15460241609,15176119308,15398037654
"Gambia, The",GMB,1305823104,1343336382,1324430501,1378176868,1404959802,1472715551,1579264906,1677527608,1687449971,1759428017
Georgia,GEO,13413519588,13899264090,14515269026,14953950557,15388577976,16133785749,16915132067,17757903230,16557390869,18290210786
Germany,DEU,3.22E+12,3.24E+12,3.31E+12,3.36E+12,3.43E+12,3.52E+12,3.56E+12,3.60E+12,3.46E+12,3.55E+12
Ghana,GHA,43831829350,47037042836,48380533745,49406568433,51073282097,55224975511,58648966892,62465709576,62786746874,66149905092
Gibraltar,GIB,..,..,..,..,..,..,..,..,..,..
Greece,GRC,2.00E+11,1.95E+11,1.96E+11,1.96E+11,1.95E+11,1.97E+11,2.00E+11,2.04E+11,1.86E+11,2.01E+11
Greenland,GRL,2480082924,2447884486,2563966490,2499115623,2616123070,2617502504,2633811257,2693633300,2703236956,..
Grenada,GRD,852535581.6,872582263.3,936642944.3,997007407.4,1034300994,1080214819,1127327546,1134940342,978818749.5,1024705223
Guam,GUM,5556275705,5650199454,5751510464,5799000000,5809553230,5861264058,5814829845,5965741037,5286113012,5342045132
Guatemala,GTM,55161415005,57199529557,59741463828,62186186576,63851409869,65817938468,68060272306,70784258834,69535565809,75085039041
Guinea,GIN,7858142776,8168200501,8470142371,8794202444,9745790305,10749607227,11433120135,12075308714,12669446068,13163554465
Guinea-Bissau,GNB,947365805.4,978211129.1,987646569.7,1048229629,1113878214,1179810633,1194956295,1248729328,1218759824,1265072727
Guyana,GUY,4032799497,4180138019,4250616305,4279840194,4442813035,4608724292,4813398364,5071041645,7275908034,8735455982
Haiti,HTI,13628249749,14217642129,14462550341,14833154472,15102000662,15481101857,15739297369,15474153940,14956795315,14687836256
Honduras,HND,19071996455,19604402633,20203921059,20979767785,21796504312,22852090251,23730751926,24360344498,22176498034,24956121590
"Hong Kong SAR, China",HKG,2.85E+11,2.94E+11,3.02E+11,3.09E+11,3.16E+11,3.28E+11,3.37E+11,3.32E+11,3.10E+11,3.30E+11
Hungary,HUN,1.14E+11,1.16E+11,1.21E+11,1.25E+11,1.28E+11,1.33E+11,1.41E+11,1.47E+11,1.41E+11,1.51E+11
Iceland,ISL,15776524981,16494745020,16773046836,17517210519,18621440660,19402600567,20351154563,20842727765,19416606632,20271528518
India,IND,1.70E+12,1.81E+12,1.95E+12,2.10E+12,2.28E+12,2.43E+12,2.59E+12,2.69E+12,2.51E+12,2.73E+12
Indonesia,IDN,7.41E+11,7.82E+11,8.21E+11,8.61E+11,9.04E+11,9.50E+11,9.99E+11,1.05E+12,1.03E+12,1.07E+12
"Iran, Islamic Rep.",IRN,4.01E+11,3.94E+11,4.14E+11,4.08E+11,4.44E+11,4.56E+11,4.46E+11,4.34E+11,4.49E+11,4.70E+11
Iraq,IRQ,1.48E+11,1.59E+11,1.59E+11,1.67E+11,1.90E+11,1.86E+11,1.91E+11,2.02E+11,1.79E+11,1.84E+11
Ireland,IRL,2.14E+11,2.16E+11,2.35E+11,2.92E+11,2.98E+11,3.24E+11,3.52E+11,3.71E+11,3.94E+11,4.48E+11
Isle of Man,IMN,6495017571,6764022918,7112728801,7085288006,7577879297,7933191749,8108785332,8129451490,..,..
Israel,ISR,2.73E+11,2.85E+11,2.96E+11,3.03E+11,3.17E+11,3.31E+11,3.44E+11,3.58E+11,3.52E+11,3.82E+11
Italy,ITA,1.86E+12,1.82E+12,1.82E+12,1.84E+12,1.86E+12,1.89E+12,1.91E+12,1.92E+12,1.74E+12,1.86E+12
Jamaica,JAM,13891147726,13963060254,14059380566,14188935948,14384065467,14527492301,14802050819,14934128283,13440715454,14058988365
Japan,JPN,4.28E+12,4.36E+12,4.38E+12,4.44E+12,4.48E+12,4.55E+12,4.58E+12,4.57E+12,4.36E+12,4.44E+12
Jordan,JOR,35488605581,36414839525,37647146138,38587017944,39356512855,40330034976,41103997001,41896223941,41238673867,42157528600
Kazakhstan,KAZ,1.65E+11,1.75E+11,1.82E+11,1.84E+11,1.86E+11,1.94E+11,2.02E+11,2.11E+11,2.06E+11,2.15E+11
Kenya,KEN,61281286575,63608656932,66801882117,70120413329,73074948913,75879534887,80165170352,84264944512,84054150946,90372800190
Kiribati,KIR,150456729,156718097.8,155000015.2,170291037.5,169476711.3,169062071.5,177978659,177018273.1,176049976.4,178690724.1
"Korea, Dem. People's Rep.",PRK,..,..,..,..,..,..,..,..,..,..
"Korea, Rep.",KOR,1.34E+12,1.38E+12,1.43E+12,1.47E+12,1.51E+12,1.56E+12,1.60E+12,1.64E+12,1.63E+12,1.69E+12
Kosovo,XKX,5459930840,5751540732,5944148576,6295820482,6646608269,6967353008,7204705016,7547420630,7144367590,7912073583
Kuwait,KWT,1.12E+11,1.13E+11,1.14E+11,1.15E+11,1.18E+11,1.12E+11,1.15E+11,1.14E+11,1.04E+11,..
Kyrgyz Republic,KGZ,5572084480,6180303659,6429001466,6678178340,6967734531,7298000774,7572253084,7920624103,7255421236,7517386397
Lao PDR,LAO,11568812929,12497360587,13448655106,14426381187,15439522315,16503696158,17534840493,18491845636,18584865506,19054756139
Latvia,LVA,25246641848,25753586055,26243463734,27263090547,27908848130,28833322008,29984306272,30754814156,30077290109,31300856487
Lebanon,LBN,46707037070,48494923364,49699566408,49929337837,50705514064,51102038283,50232192261,46636950152,36656689492,34090266919
Lesotho,LSO,2210096177,2249712846,2288195174,2359759799,2444838580,2368115269,2369809388,2391789449,2191922057,2221460907
Liberia,LBR,2949005327,3205193908,3227674917,3227075700,3176896008,3254893759,3292571599,3211334058,3115556300,3270920146
Libya,LBY,77855516866,63843110857,49131866787,48717854040,47991499523,63584802614,68634305688,60950218438,46364963765,60910775962
Liechtenstein,LIE,..,..,..,6268391521,..,..,..,..,..,..
Lithuania,LTU,37881055682,39225860753,40613283323,41435533340,42479223269,44298437190,46067411257,48198076541,48187587207,51069702272
Luxembourg,LUX,55477349853,57236975164,58738350256,60071584216,63062062077,63892707778,64671765569,66172102156,65644422263,68993899663
"Macao SAR, China",MAC,52907674866,58596759894,57396475225,45047964934,44742061843,49208798568,52389983871,51073980039,23373547289,27876941822
Madagascar,MDG,10385448869,10624353267,10979122002,11323020829,11775165589,12238319072,12629254614,13186360351,12245161251,12784234883
Malawi,MWI,5575381210,5865301032,6199623191,6373212641,6531525832,6792788858,7091106972,7477443338,7537262760,7744644244
Malaysia,MYS,2.58E+11,2.71E+11,2.87E+11,3.01E+11,3.15E+11,3.33E+11,3.49E+11,3.65E+11,3.44E+11,3.55E+11
Maldives,MDV,3468871018,3721442083,3994209877,4109424800,4369892498,4684957820,5065522983,5425046755,3608046924,5114229740
Mali,MLI,11267770153,11526373172,12342980274,13104764334,13871694352,14607651004,15301000870,16028741076,15830713923,16313964444
Malta,MLT,8913680240,9401531122,10119161212,11091423499,11466437368,12719183402,13503827804,14302895817,13112282259,14462554089
Marshall Islands,MHL,174811200,181243700,179213900,182997300,186686700,193053500,201150200,222953300,218847400,221287100
Mauritania,MRT,5388634005,5612306136,5852222305,6166857629,6244616105,6636187612,6952878007,7321146741,7252436597,7429785380
Mauritius,MUS,10790496900,11153101416,11579927241,12007291046,12471068852,12962177523,13481538349,13871352306,11846495742,12285243877
Mexico,MEX,1.09E+12,1.10E+12,1.13E+12,1.17E+12,1.20E+12,1.23E+12,1.26E+12,1.25E+12,1.15E+12,1.21E+12
"Micronesia, Fed. Sts.",FSM,321477741.9,309648107.5,302508316.5,316489900,319338880.1,327904142.7,328598163.6,332458532.3,326589259,316176982
Moldova,MDA,6787618499,7401481592,7771527984,7745241913,8086720854,8466052245,8830217599,9155470178,8479779802,9662250294
Monaco,MCO,5083942061,5570723958,5971213722,6261622101,6477745185,6250961825,6623286015,7080667992,6162649848,7490920324
Mongolia,MNG,9422609487,10520241369,11349786122,11619892396,11793003750,12457760794,13422599496,14174566300,13528524725,13749955501
Montenegro,MNE,3720967106,3853023481,3921749807,4054712083,4174296908,4371176172,4593139638,4779756375,4048124145,4551482433
Morocco,MAR,85030105753,88886581747,1.06E+11,1.10E+11,1.11E+11,1.17E+11,1.20E+11,1.24E+11,1.15E+11,1.24E+11
Mozambique,MOZ,13010488540,13916487849,14946100983,15950969019,16560968260,17180566679,17772233412,18183590595,17959222232,18383776166
Myanmar,MMR,52288473368,56418567055,61044699846,63045305229,69669967695,73676035775,78394969160,83686990310,86343026585,70876447891
Namibia,NAM,9702509637,10247278350,10871595744,11335179561,11339010227,11222530151,11341482623,11246310041,10342532538,10617235458
Nauru,NRU,50475635.8,65927361.04,83439316.32,86529661.37,89620006.42,84469431.34,89620006.42,89620006.42,90650121.43,92009873.26
Nepal,NPL,21348105727,22100659154,23429236486,24360795411,24466305357,26662713937,28695046274,30605291409,29880062111,31149050463
Netherlands,NLD,7.41E+11,7.40E+11,7.51E+11,7.66E+11,7.82E+11,8.05E+11,8.24E+11,8.40E+11,8.08E+11,8.47E+11
New Caledonia,NCL,..,..,..,8738205837,..,..,..,..,..,..
New Zealand,NZL,1.61E+11,1.65E+11,1.72E+11,1.78E+11,1.85E+11,1.91E+11,1.98E+11,2.02E+11,2.00E+11,2.07E+11
Nicaragua,NIC,11071803369,11617366797,12173352616,12756706583,13338860851,13956556222,13487098743,12977376343,12745084493,14063479456
Niger,NER,8259605981,8698614829,9276388713,9683867894,10239808402,10751938078,11527239153,12212118178,12645676157,12821088020
Nigeria,NGA,4.24E+11,4.52E+11,4.80E+11,4.93E+11,4.85E+11,4.89E+11,4.98E+11,5.09E+11,5.00E+11,5.18E+11
North Macedonia,MKD,9085692922,9351472850,9690849350,10064515432,10351173483,10463149656,10764550801,11185489899,10501957283,10918282613
Northern Mariana Islands,MNP,822860606.1,844921212.1,880218181.8,910000000,1175830303,1448278788,1168109091,1037951515,..,..
Norway,NOR,3.67E+11,3.71E+11,3.78E+11,3.86E+11,3.90E+11,3.99E+11,4.03E+11,4.06E+11,4.04E+11,4.19E+11
Oman,OMN,70318260490,73994291063,74950483987,78710793238,82682873556,82934277089,84001727416,83053590627,80246616465,82728063878
Pakistan,PAK,2.36E+11,2.47E+11,2.58E+11,2.71E+11,2.86E+11,2.98E+11,3.17E+11,3.24E+11,3.20E+11,3.41E+11
Palau,PLW,253956154.4,245353872.3,260796115.9,280457700,280223873.4,268794071.4,269084659.6,270150149.6,245547016.6,212807414.4
Panama,PAN,45547334578,48691898896,51158836147,54091800000,56771081216,59945236885,62154476592,64006538283,52520633093,60575131171
Papua New Guinea,PNG,17290055034,17951390360,20382685493,21723531173,22916060308,23726053855,23659798307,24719859156,23936886990,24008697651
Paraguay,PRY,30842899501,33400724749,35171376859,36211447840,37756961788,39573101424,40841122661,40677000527,40343536419,41998595069
Peru,PER,1.70E+11,1.80E+11,1.84E+11,1.90E+11,1.97E+11,2.02E+11,2.10E+11,2.15E+11,1.91E+11,2.17E+11
Philippines,PHL,2.54E+11,2.71E+11,2.88E+11,3.06E+11,3.28E+11,3.51E+11,3.73E+11,3.96E+11,3.59E+11,3.79E+11
Poland,POL,4.36E+11,4.40E+11,4.57E+11,4.77E+11,4.91E+11,5.16E+11,5.47E+11,5.72E+11,5.60E+11,5.98E+11
Portugal,PRT,1.96E+11,1.94E+11,1.96E+11,1.99E+11,2.03E+11,2.11E+11,2.17E+11,2.22E+11,2.04E+11,2.15E+11
Puerto Rico,PRI,1.06E+11,1.06E+11,1.04E+11,1.03E+11,1.02E+11,99124174302,94801759550,96389748847,92193492135,92384731704
Qatar,QAT,1.39E+11,1.47E+11,1.54E+11,1.62E+11,1.67E+11,1.64E+11,1.66E+11,1.68E+11,1.61E+11,1.64E+11
Romania,ROU,1.65E+11,1.66E+11,1.72E+11,1.78E+11,1.83E+11,1.98E+11,2.10E+11,2.18E+11,2.10E+11,2.21E+11
Russian Federation,RUS,1.36E+12,1.38E+12,1.39E+12,1.36E+12,1.37E+12,1.39E+12,1.43E+12,1.46E+12,1.42E+12,1.49E+12
Rwanda,RWA,7055919661,7388947559,7844636347,8539424910,9049292136,9409118207,10216367626,11182897052,10807279944,11983600400
Samoa,WSM,787555578.3,788400572.5,793603415.3,824160018.2,889959823.9,902475172.3,896973258.5,936905242.5,907782067.6,843469448.2
San Marino,SMR,1408454797,1397412904,1387597888,1419394771,1452671145,1456422893,1478180472,1508715027,1408416997,..
Sao Tome and Principe,STP,272357396.6,285470840.5,304168994.9,316066072.3,329229494.1,341901474.5,351971392.3,359752972.3,370633944.4,377594164.7
Saudi Arabia,SAU,5.90E+11,6.06E+11,6.28E+11,6.54E+11,6.65E+11,6.60E+11,6.77E+11,6.79E+11,6.51E+11,6.72E+11
Senegal,SEN,15361066947,15731635064,16710783741,17774766636,18906963177,20304894403,21565674238,22560634244,22859676611,24246000777
Serbia,SRB,38468844257,39581608177,38952454430,39655958843,40979907436,41840962436,43721764447,45615675380,45203666160,48616503418
Seychelles,SYC,1209846320,1282655802,1340436690,1416001322,1491800885,1559097438,1608971156,1658847163,1531237484,1651621574
Sierra Leone,SLE,4209569689,5081614391,5313171991,4218723875,4474187604,4661772844,4823284726,5076711739,4976753934,5181034757
Singapore,SGP,2.75E+11,2.88E+11,2.99E+11,3.08E+11,3.19E+11,3.34E+11,3.46E+11,3.50E+11,3.35E+11,3.61E+11
Sint Maarten (Dutch part),SXM,1212814522,1228662708,1248080304,1253072626,1259338013,1186296367,1108000834,..,..,..
Slovak Republic,SVK,81795230835,82312781984,84532913950,88900883131,90629072614,93291817009,97051840806,99497249379,96139533846,99037470565
Slovenia,SVN,41466164772,41039360682,42175395369,43107506024,44483434041,46625480708,48702350150,50383106848,48205866431,52164080297
Solomon Islands,SLB,1207959550,1271229332,1286347014,1307908070,1380558852,1423015841,1462091791,1487671296,1437357546,1434447635
Somalia,SOM,..,4301823889,4637116657,5335000000,5790197834,5926243324,6372546886,6847717218,7018182534,7302356499
South Africa,ZAF,3.29E+11,3.37E+11,3.42E+11,3.47E+11,3.49E+11,3.53E+11,3.58E+11,3.60E+11,3.37E+11,3.53E+11
South Sudan,SSD,11500530835,13010519614,13449448811,11997800760,..,..,..,..,..,..
Spain,ESP,1.15E+12,1.14E+12,1.15E+12,1.20E+12,1.23E+12,1.27E+12,1.30E+12,1.32E+12,1.17E+12,1.24E+12
Sri Lanka,LKA,73815049009,76805847548,81704508297,85140963537,89443668461,95222338798,97422055054,97207255120,93831930693,96953497412
St. Kitts and Nevis,KNA,835652357.3,883331342.5,950264562.2,957040740.7,994656881.1,994727191.6,1015143615,1056231339,902739029.7,894798332.8
St. Lucia,LCA,1865826325,1806597952,1832182219,1807227215,1875052841,1938561940,1994408432,1981441635,1498670935,1681956325
St. Martin (French part),MAF,..,..,..,..,..,..,..,..,..,..
St. Vincent and the Grenadines,VCT,738389717.3,756572447.2,765240919.1,786554592.6,819193187.2,832868508.7,858290512.1,861758094.9,815975936,827008862.9
Sudan,SDN,78150146916,79678095319,83392193754,84985132167,87932112460,88555776494,86181657629,84304404771,81244322707,79726256121
Suriname,SUR,5142834973,5293697037,5307222593,5126188135,4874195672,4950583631,5195551914,5256277414,4416576774,4296021063
Sweden,SWE,4.65E+11,4.71E+11,4.83E+11,5.05E+11,5.16E+11,5.29E+11,5.39E+11,5.50E+11,5.38E+11,5.65E+11
Switzerland,CHE,6.55E+11,6.67E+11,6.83E+11,6.94E+11,7.08E+11,7.18E+11,7.39E+11,7.47E+11,7.29E+11,7.60E+11
Syrian Arab Republic,SYR,26000693092,19162488016,17186770367,16468399180,15413500928,15302017884,15515201937,15704596817,15096250726,..
Tajikistan,TJK,6808136053,7311938103,7801838007,8271454301,8842123456,9469904853,10189549329,10943642460,11425168167,12476305395
Tanzania,TZA,39158485244,41814051441,44629166510,47378603784,50632147558,54067883126,57011861845,60318549818,61522715271,64155324270
Thailand,THA,3.75E+11,3.85E+11,3.89E+11,4.01E+11,4.15E+11,4.32E+11,4.51E+11,4.60E+11,4.32E+11,4.38E+11
Timor-Leste,TLS,1440462635,1485158471,1551574195,1594447631,1648387433,1597985523,1586955336,1960108694,2585667331,2722486416
Togo,TGO,3517781736,3732800625,3953804392,4180866177,4413283843,4605162314,4834325004,5098275352,5187639195,5460539880
Tonga,TON,422079015,423397201.1,431944322.4,437006227.2,465721908.5,481195204.8,482355982.2,485763747.3,488137409.1,475116313.6
Trinidad and Tobago,TTO,25216969410,26186259614,27056414464,26851970254,25035585054,23857160342,23649372146,23675479645,21857597914,21633220893
Tunisia,TUN,42938822638,43982206385,45341400838,45780077488,46291905708,47330855819,48556898517,49286916456,45037824611,46984709045
Turkiye,TUR,7.16E+11,7.76E+11,8.15E+11,8.64E+11,8.93E+11,9.60E+11,9.89E+11,9.96E+11,1.02E+12,1.13E+12
Turkmenistan,TKM,27654947984,30475752707,33614755226,35799714286,38019296559,40490550854,43000964983,45710025777,..,..
Turks and Caicos Islands,TCA,770245945.3,778494332,846311282.2,942070000,1010381197,985220492.2,1040500784,1095902784,802388490.2,819238629.8
Tuvalu,TUV,31949742.23,33338861.46,33338861.46,36811659.53,38895338.37,39589897.98,40284457.6,45840934.51,46535494.12,47924613.35
Uganda,UGA,28279643367,29294007543,30789849596,32387183845,33935615199,34998276926,37204541628,39600047204,40768765940,42210586101
Ukraine,UKR,1.12E+11,1.12E+11,1.01E+11,91030959455,93253008739,95453753897,98783526700,1.02E+11,98118346734,1.01E+11
United Arab Emirates,ARE,3.17E+11,3.33E+11,3.47E+11,3.70E+11,3.91E+11,3.94E+11,3.99E+11,4.03E+11,3.83E+11,3.98E+11
United Kingdom,GBR,2.73E+12,2.78E+12,2.87E+12,2.93E+12,3.00E+12,3.07E+12,3.12E+12,3.17E+12,2.82E+12,3.04E+12
United States,USA,1.70E+13,1.73E+13,1.77E+13,1.82E+13,1.85E+13,1.89E+13,1.95E+13,1.99E+13,1.94E+13,2.05E+13
Uruguay,URY,49133785851,51412384156,53077523938,53274304222,54174532437,55056360541,55319478843,55513344382,52115108173,54390979803
Uzbekistan,UZB,70106848794,75222230329,80392884913,86196265192,91309557627,95322863451,1.00E+11,1.06E+11,1.08E+11,1.16E+11
Vanuatu,VUT,702796904.3,706053597.8,728201562.2,730870581.7,765139322.6,813475510.2,837068173.2,864199123.5,817564741.9,821237704.5
"Venezuela, RB",VEN,..,..,..,..,..,..,..,..,..,..
Vietnam,VNM,1.99E+11,2.10E+11,2.24E+11,2.39E+11,2.55E+11,2.73E+11,2.93E+11,3.15E+11,3.24E+11,3.32E+11
Virgin Islands (U.S.),VIR,3996266542,3745094984,3678637140,3663000000,3721639274,3694274280,3764641409,3869214781,3786142476,..
West Bank and Gaza,PSE,12886900000,13492400000,13471100000,13972400000,15211000000,15426900000,15616200000,15829000000,14037400000,15027100000
"Yemen, Rep.",YEM,56340084660,59057659386,58946223351,42444495590,38465271575,36514391609,36789143267,..,..,..
Zambia,ZMB,18772328032,19721688163,20648211567,21251216799,22053807072,22826646594,23747586257,24089861649,23418945737,24495920766
Zimbabwe,ZWE,18683650529,19280916556,19567149980,19963120610,20142979422,20964866141,22015178006,20621078657,19009139116,20618836228
Africa Eastern and Southern,AFE,8.27E+11,8.62E+11,8.97E+11,9.23E+11,9.46E+11,9.71E+11,9.96E+11,1.02E+12,9.86E+11,1.03E+12
Africa Western and Central,AFW,6.64E+11,7.05E+11,7.46E+11,7.67E+11,7.68E+11,7.86E+11,8.09E+11,8.34E+11,8.27E+11,8.60E+11
Arab World,ARB,2.33E+12,2.39E+12,2.46E+12,2.54E+12,2.63E+12,2.66E+12,2.72E+12,2.75E+12,2.62E+12,2.72E+12
Caribbean small states,CSS,72879726287,73914274474,75495328342,75669285316,74243241678,73924570603,74904229558,75851846376,68700252655,72374976300
Central Europe and the Baltics,CEB,1.20E+12,1.20E+12,1.24E+12,1.29E+12,1.33E+12,1.40E+12,1.47E+12,1.52E+12,1.47E+12,1.56E+12
Early-demographic dividend,EAR,8.94E+12,9.31E+12,9.70E+12,1.01E+13,1.06E+13,1.11E+13,1.15E+13,1.18E+13,1.13E+13,1.20E+13
East Asia & Pacific,EAS,1.91E+13,2.01E+13,2.10E+13,2.20E+13,2.30E+13,2.42E+13,2.53E+13,2.63E+13,2.63E+13,2.78E+13
East Asia & Pacific (excluding high income),EAP,1.09E+13,1.17E+13,1.25E+13,1.33E+13,1.42E+13,1.52E+13,1.61E+13,1.71E+13,1.73E+13,1.86E+13
East Asia & Pacific (IDA & IBRD countries),TEA,1.09E+13,1.17E+13,1.25E+13,1.33E+13,1.42E+13,1.51E+13,1.61E+13,1.71E+13,1.73E+13,1.85E+13
Euro area,EMU,1.13E+13,1.13E+13,1.14E+13,1.17E+13,1.19E+13,1.22E+13,1.24E+13,1.26E+13,1.18E+13,1.25E+13
Europe & Central Asia,ECS,1.95E+13,1.97E+13,2.01E+13,2.05E+13,2.09E+13,2.15E+13,2.19E+13,2.23E+13,2.11E+13,2.23E+13
Europe & Central Asia (excluding high income),ECA,2.73E+12,2.84E+12,2.90E+12,2.92E+12,2.97E+12,3.08E+12,3.18E+12,3.25E+12,3.21E+12,3.44E+12
Europe & Central Asia (IDA & IBRD countries),TEC,3.38E+12,3.49E+12,3.57E+12,3.63E+12,3.69E+12,3.85E+12,3.99E+12,4.10E+12,4.04E+12,4.32E+12
European Union,EUU,1.30E+13,1.30E+13,1.32E+13,1.36E+13,1.38E+13,1.42E+13,1.45E+13,1.48E+13,1.39E+13,1.47E+13
Fragile and conflict affected situations,FCS,1.55E+12,1.61E+12,1.64E+12,1.66E+12,1.70E+12,1.74E+12,1.79E+12,1.83E+12,1.75E+12,1.79E+12
Heavily indebted poor countries (HIPC),HPC,5.94E+11,6.26E+11,6.63E+11,6.93E+11,7.24E+11,7.59E+11,7.90E+11,8.22E+11,8.24E+11,8.56E+11
High income,HIC,4.55E+13,4.62E+13,4.71E+13,4.82E+13,4.91E+13,5.03E+13,5.15E+13,5.24E+13,5.02E+13,5.28E+13
IBRD only,IBD,2.24E+13,2.36E+13,2.48E+13,2.59E+13,2.70E+13,2.85E+13,2.99E+13,3.11E+13,3.06E+13,3.28E+13
IDA & IBRD total,IBT,2.42E+13,2.55E+13,2.67E+13,2.79E+13,2.92E+13,3.07E+13,3.22E+13,3.34E+13,3.30E+13,3.53E+13
IDA blend,IDB,8.77E+11,9.26E+11,9.80E+11,1.02E+12,1.03E+12,1.06E+12,1.10E+12,1.13E+12,1.11E+12,1.17E+12
IDA only,IDX,9.14E+11,9.60E+11,1.01E+12,1.04E+12,1.09E+12,1.14E+12,1.20E+12,1.26E+12,1.28E+12,1.32E+12
IDA total,IDA,1.79E+12,1.89E+12,1.99E+12,2.06E+12,2.12E+12,2.20E+12,2.30E+12,2.39E+12,2.39E+12,2.49E+12
Late-demographic dividend,LTE,1.59E+13,1.68E+13,1.77E+13,1.85E+13,1.94E+13,2.04E+13,2.15E+13,2.25E+13,2.25E+13,2.41E+13
Latin America & Caribbean,LCN,5.12E+12,5.27E+12,5.34E+12,5.37E+12,5.36E+12,5.46E+12,5.55E+12,5.59E+12,5.22E+12,5.56E+12
Latin America & Caribbean (excluding high income),LAC,4.39E+12,4.52E+12,4.58E+12,4.60E+12,4.59E+12,4.68E+12,4.75E+12,4.79E+12,4.48E+12,4.76E+12
Latin America & the Caribbean (IDA & IBRD countries),TLA,4.90E+12,5.05E+12,5.12E+12,5.14E+12,5.14E+12,5.24E+12,5.33E+12,5.37E+12,5.02E+12,5.35E+12
Least developed countries: UN classification,LDC,8.31E+11,8.78E+11,9.27E+11,9.49E+11,9.90E+11,1.03E+12,1.08E+12,1.13E+12,1.14E+12,1.17E+12
Low & middle income,LMY,2.31E+13,2.43E+13,2.56E+13,2.67E+13,2.79E+13,2.93E+13,3.08E+13,3.20E+13,3.16E+13,3.38E+13
Low income,LIC,4.04E+11,4.25E+11,4.49E+11,4.67E+11,4.88E+11,5.08E+11,5.27E+11,5.45E+11,5.46E+11,5.60E+11
Lower middle income,LMC,5.61E+12,5.89E+12,6.23E+12,6.55E+12,6.92E+12,7.27E+12,7.62E+12,7.90E+12,7.65E+12,8.08E+12
Middle East & North Africa,MEA,2.92E+12,2.99E+12,3.08E+12,3.16E+12,3.30E+12,3.35E+12,3.42E+12,3.46E+12,3.34E+12,3.49E+12
Middle East & North Africa (excluding high income),MNA,1.38E+12,1.39E+12,1.43E+12,1.44E+12,1.52E+12,1.56E+12,1.59E+12,1.61E+12,1.56E+12,1.63E+12
Middle East & North Africa (IDA & IBRD countries),TMN,1.37E+12,1.38E+12,1.42E+12,1.43E+12,1.50E+12,1.55E+12,1.57E+12,1.59E+12,1.55E+12,1.62E+12
Middle income,MIC,2.27E+13,2.39E+13,2.51E+13,2.62E+13,2.74E+13,2.88E+13,3.03E+13,3.15E+13,3.11E+13,3.32E+13
North America,NAC,1.85E+13,1.88E+13,1.93E+13,1.98E+13,2.01E+13,2.06E+13,2.12E+13,2.16E+13,2.10E+13,2.22E+13
Not classified,INX,..,..,..,..,..,..,..,..,..,..
OECD members,OED,4.47E+13,4.53E+13,4.63E+13,4.74E+13,4.83E+13,4.95E+13,5.06E+13,5.15E+13,4.93E+13,5.20E+13
Other small states,OSS,3.33E+11,3.46E+11,3.59E+11,3.70E+11,3.81E+11,3.86E+11,3.95E+11,4.04E+11,3.84E+11,3.99E+11
Pacific island small states,PSS,8154813411,8424403069,8735247517,9056069036,9382687099,9756904959,10031746733,10128589930,9084336513,8751147724
Post-demographic dividend,PST,4.22E+13,4.28E+13,4.36E+13,4.46E+13,4.54E+13,4.64E+13,4.75E+13,4.83E+13,4.61E+13,4.85E+13
Pre-demographic dividend,PRE,1.16E+12,1.22E+12,1.29E+12,1.33E+12,1.36E+12,1.38E+12,1.42E+12,1.47E+12,1.43E+12,1.47E+12
Small states,SST,4.14E+11,4.28E+11,4.43E+11,4.55E+11,4.65E+11,4.70E+11,4.80E+11,4.90E+11,4.62E+11,4.80E+11
South Asia,SAS,2.22E+12,2.36E+12,2.52E+12,2.70E+12,2.91E+12,3.10E+12,3.30E+12,3.43E+12,3.25E+12,3.51E+12
South Asia (IDA & IBRD),TSA,2.22E+12,2.36E+12,2.52E+12,2.70E+12,2.91E+12,3.10E+12,3.30E+12,3.43E+12,3.25E+12,3.51E+12
Sub-Saharan Africa,SSF,1.49E+12,1.57E+12,1.64E+12,1.69E+12,1.71E+12,1.76E+12,1.80E+12,1.85E+12,1.81E+12,1.89E+12
Sub-Saharan Africa (excluding high income),SSA,1.49E+12,1.57E+12,1.64E+12,1.69E+12,1.71E+12,1.75E+12,1.80E+12,1.85E+12,1.81E+12,1.89E+12
Sub-Saharan Africa (IDA & IBRD countries),TSS,1.49E+12,1.57E+12,1.64E+12,1.69E+12,1.71E+12,1.76E+12,1.80E+12,1.85E+12,1.81E+12,1.89E+12
Upper middle income,UMC,1.71E+13,1.80E+13,1.89E+13,1.97E+13,2.05E+13,2.16E+13,2.26E+13,2.36E+13,2.34E+13,2.52E+13
World,WLD,6.88E+13,7.08E+13,7.29E+13,7.52E+13,7.73E+13,7.99E+13,8.25E+13,8.47E+13,8.20E+13,8.69E+13
